Domain,date
Sponsoring Organization,2026-05-07
"American Automobile Association, Inc.",2026-05-07
AARP,2026-05-07
Not assigned,2026-05-07
ABB Ltd,2026-05-07
"Abbott Laboratories, Inc.",2026-05-07
AbbVie Inc.,2026-05-07
"Disney Enterprises, Inc.",2026-05-07
Able Inc.,2026-05-07
"Registry Services, LLC",2026-05-07
Abu Dhabi Systems and Information Centre,2026-05-07
Internet Computer Bureau Limited,2026-05-07
"Binky Moon, LLC",2026-05-07
Accenture plc,2026-05-07
dot Accountant Limited,2026-05-07
"Binky Moon, LLC",2026-05-07
ACO Severin Ahlmann GmbH & Co. KG,2026-05-07
Not assigned,2026-05-07
"Dog Beach, LLC",2026-05-07
Andorra Telecom,2026-05-07
Not assigned,2026-05-07
Charleston Road Registry Inc.,2026-05-07
ICM Registry AD LLC,2026-05-07
Telecommunications and Digital Government Regulatory Authority (TDRA),2026-05-07
Aktiebolaget Electrolux,2026-05-07
Societe Internationale de Telecommunications Aeronautique (SITA INC USA),2026-05-07
Aetna Life Insurance Company,2026-05-07
Ministry of Communications and IT,2026-05-07
Not assigned,2026-05-07
Australian Football League,2026-05-07
ZA Central Registry NPC trading as Registry.Africa,2026-05-07
UHSA School of Medicine,2026-05-07
Fondation Aga Khan (Aga Khan Foundation),2026-05-07
"Binky Moon, LLC",2026-05-07
Government of Anguilla,2026-05-07
"American International Group, Inc.",2026-05-07
Not assigned,2026-05-07
Airbus S.A.S.,2026-05-07
"Dog Beach, LLC",2026-05-07
Bharti Airtel Limited,2026-05-07
Fondation Aga Khan (Aga Khan Foundation),2026-05-07
Electronic and Postal Communications Authority - AKEP,2026-05-07
Not assigned,2026-05-07
Alibaba Group Holding Limited,2026-05-07
Alibaba Group Holding Limited,2026-05-07
Allfinanz Deutsche Vermögensberatung Aktiengesellschaft,2026-05-07
Allstate Fire and Casualty Insurance Company,2026-05-07
Ally Financial Inc.,2026-05-07
REGION GRAND EST,2026-05-07
ALSTOM,2026-05-07
"""Internet Society"" Non-governmental Organization",2026-05-07
"Amazon Registry Services, Inc.",2026-05-07
"American Express Travel Related Services Company, Inc.",2026-05-07
"AmFam, Inc.",2026-05-07
"American Express Travel Related Services Company, Inc.",2026-05-07
"AmFam, Inc.",2026-05-07
Amica Mutual Insurance Company,2026-05-07
Gemeente Amsterdam,2026-05-07
Not assigned,2026-05-07
Campus IP LLC,2026-05-07
Charleston Road Registry Inc.,2026-05-07
"Beijing Qihu Keji Co., Ltd.",2026-05-07
Australia and New Zealand Banking Group Limited,2026-05-07
Ministry of Telecommunications and Information Technologies (MTTI),2026-05-07
Yahoo Inc.,2026-05-07
"Binky Moon, LLC",2026-05-07
Charleston Road Registry Inc.,2026-05-07
Apple Inc.,2026-05-07
Antarctica Network Information Centre Limited,2026-05-07
Aquarelle.com,2026-05-07
"Presidencia de la Nación , Secretaría Legal y Técnica",2026-05-07
League of Arab States,2026-05-07
Aramco Services Company,2026-05-07
Identity Digital Limited,2026-05-07
"Dog Beach, LLC",2026-05-07
Internet Architecture Board (IAB),2026-05-07
UK Creative Ideas Limited,2026-05-07
Association Relative à la Télévision Européenne G.E.I.E.,2026-05-07
AS Domain Registry,2026-05-07
Asda Stores Limited,2026-05-07
DotAsia Organisation Ltd.,2026-05-07
"Binky Moon, LLC",2026-05-07
nic.at GmbH,2026-05-07
"The Gap, Inc.",2026-05-07
"Dog Beach, LLC",2026-05-07
.au Domain Administration (auDA),2026-05-07
"Dog Beach, LLC",2026-05-07
AUDI Aktiengesellschaft,2026-05-07
"Amazon Registry Services, Inc.",2026-05-07
XYZ.COM LLC,2026-05-07
Australian Postal Corporation,2026-05-07
"Amazon Registry Services, Inc.",2026-05-07
XYZ.COM LLC,2026-05-07
XYZ.COM LLC,2026-05-07
Not assigned,2026-05-07
SETAR,2026-05-07
AWS Registry LLC,2026-05-07
Ålands landskapsregering,2026-05-07
AXA Group Operations SAS,2026-05-07
IntraNS,2026-05-07
Microsoft Corporation,2026-05-07
University Tele-Informatic Center (UTIC),2026-05-07
XYZ.COM LLC,2026-05-07
"Baidu, Inc.",2026-05-07
Citigroup Inc.,2026-05-07
Not assigned,2026-05-07
"Dog Beach, LLC",2026-05-07
"fTLD Registry Services, LLC",2026-05-07
Punto 2012 Sociedad Anonima Promotora de Inversion de Capital Variable,2026-05-07
Municipi de Barcelona,2026-05-07
Barclays Bank PLC,2026-05-07
Barclays Bank PLC,2026-05-07
"Gallo Vineyards, Inc.",2026-05-07
"Binky Moon, LLC",2026-05-07
"MLB Advanced Media DH, LLC",2026-05-07
Fédération Internationale de Basketball (FIBA),2026-05-07
Werkhaus GmbH,2026-05-07
Bayern Connect GmbH,2026-05-07
"Ministry of Innovation, Science and Smart Technology",2026-05-07
British Broadcasting Corporation,2026-05-07
BB&T Corporation,2026-05-07
"BANCO BILBAO VIZCAYA ARGENTARIA, S.A.",2026-05-07
"The Boston Consulting Group, Inc.",2026-05-07
Municipi de Barcelona,2026-05-07
Posts and Telecommunications Division,2026-05-07
DNS Belgium vzw/asbl,2026-05-07
"Beats Electronics, LLC",2026-05-07
XYZ.COM LLC,2026-05-07
"Registry Services, LLC",2026-05-07
Not assigned,2026-05-07
dotBERLIN GmbH & Co. KG,2026-05-07
BestTLD Pty Ltd,2026-05-07
"BBY Solutions, Inc.",2026-05-07
Identity Digital Limited,2026-05-07
Autorité de Régulation des Communications Electroniques et des Postes (ARCEP),2026-05-07
Register.BG,2026-05-07
Telecommunications Regulatory Authority (TRA),2026-05-07
Bharti Enterprises (Holding) Private Limited,2026-05-07
Centre National de l'Informatique,2026-05-07
American Bible Society,2026-05-07
dot Bid Limited,2026-05-07
"Binky Moon, LLC",2026-05-07
Microsoft Corporation,2026-05-07
"Binky Moon, LLC",2026-05-07
Identity Digital Limited,2026-05-07
"Registry Services, LLC",2026-05-07
Autorité de Régulation des Communications Electroniques et de la Poste du Bénin (ARCEP BENIN),2026-05-07
Not assigned,2026-05-07
Identity Digital Limited,2026-05-07
"Registry Services, LLC",2026-05-07
Not assigned,2026-05-07
Dish DBS Corporation,2026-05-07
"Knock Knock WHOIS There, LLC",2026-05-07
Bloomberg IP Holdings LLC,2026-05-07
Identity Digital Limited,2026-05-07
"Registry General Department, Ministry of Home Affairs",2026-05-07
Bristol-Myers Squibb Company,2026-05-07
Bayerische Motoren Werke Aktiengesellschaft,2026-05-07
Authority for Info-communications Technology Industry of Brunei Darussalam (AITI),2026-05-07
Not assigned,2026-05-07
BNP Paribas,2026-05-07
Agencia para el Desarrollo de la Información de la Sociedad en Bolivia,2026-05-07
XYZ.COM LLC,2026-05-07
Boehringer Ingelheim International GmbH,2026-05-07
Bank of America Corporation,2026-05-07
Núcleo de Informação e Coordenação do Ponto BR - NIC.br,2026-05-07
Shortdot SA,2026-05-07
Charleston Road Registry Inc.,2026-05-07
"Amazon Registry Services, Inc.",2026-05-07
Booking.com B.V.,2026-05-07
Not assigned,2026-05-07
Robert Bosch GMBH,2026-05-07
Bostik SA,2026-05-07
"Registry Services, LLC",2026-05-07
"Amazon Registry Services, Inc.",2026-05-07
"Binky Moon, LLC",2026-05-07
Intercap Registry Inc.,2026-05-07
Not assigned,2026-05-07
Comite Gestor da Internet no Brasil,2026-05-07
Banco Bradesco S.A.,2026-05-07
Bridgestone Corporation,2026-05-07
"Celebrate Broadway, Inc.",2026-05-07
"Dog Beach, LLC",2026-05-07
"Brother Industries, Ltd.",2026-05-07
DNS.be vzw,2026-05-07
University of The Bahamas,2026-05-07
Ministry of Information and Communications,2026-05-07
Not assigned,2026-05-07
Not assigned,2026-05-07
Plan Bee LLC,2026-05-07
"Binky Moon, LLC",2026-05-07
"Binky Moon, LLC",2026-05-07
"Amazon Registry Services, INC",2026-05-07
DOTSTRATEGY CO.,2026-05-07
Norid A/S,2026-05-07
Botswana Communications Regulatory Authority (BOCRA),2026-05-07
Belarusian Cloud Technologies LLC,2026-05-07
University of Belize,2026-05-07
Association www.bzh,2026-05-07
Canadian Internet Registration Authority (CIRA) Autorité Canadienne pour les enregistrements Internet (ACEI),2026-05-07
"Binky Moon, LLC",2026-05-07
"Binky Moon, LLC",2026-05-07
Charleston Road Registry Inc.,2026-05-07
"Amazon Registry Services, Inc.",2026-05-07
PVH gTLD Holdings LLC,2026-05-07
CAM Connecting SarL,2026-05-07
"Binky Moon, LLC",2026-05-07
"Binky Moon, LLC",2026-05-07
Not assigned,2026-05-07
Canon Inc.,2026-05-07
ZA Central Registry NPC trading as ZA Central Registry,2026-05-07
"Binky Moon, LLC",2026-05-07
Capital One Financial Corporation,2026-05-07
XYZ.COM LLC,2026-05-07
"Caravan International, Inc.",2026-05-07
"Binky Moon, LLC",2026-05-07
"Binky Moon, LLC",2026-05-07
dotCareer LLC,2026-05-07
"Binky Moon, LLC",2026-05-07
XYZ.COM LLC,2026-05-07
Not assigned,2026-05-07
"Registry Services, LLC",2026-05-07
"Digity, LLC",2026-05-07
Not assigned,2026-05-07
"Binky Moon, LLC",2026-05-07
"Binky Moon, LLC",2026-05-07
Fundacio puntCAT,2026-05-07
"Binky Moon, LLC",2026-05-07
Pontificium Consilium de Comunicationibus Socialibus (PCCS) (Pontifical Council for Social Communication),2026-05-07
COMMONWEALTH BANK OF AUSTRALIA,2026-05-07
"The Christian Broadcasting Network, Inc.",2026-05-07
"CBRE, Inc.",2026-05-07
Not assigned,2026-05-07
eNIC Cocos (Keeling) Islands Pty. Ltd. d/b/a Island Internet Services,2026-05-07
Office Congolais des Postes et Télécommunications - OCPT,2026-05-07
Not assigned,2026-05-07
"Binky Moon, LLC",2026-05-07
XYZ.COM LLC,2026-05-07
"European Organization for Nuclear Research (""CERN"")",2026-05-07
Societe Centrafricaine de Telecommunications (SOCATEL),2026-05-07
CFA Institute,2026-05-07
Shortdot SA,2026-05-07
Interpoint Switzerland,2026-05-07
SWITCH The Swiss Education & Research Network,2026-05-07
Chanel International B.V.,2026-05-07
Charleston Road Registry Inc.,2026-05-07
Public Interest Registry (PIR),2026-05-07
"JPMorgan Chase Bank, National Association",2026-05-07
"Binky Moon, LLC",2026-05-07
"Binky Moon, LLC",2026-05-07
CHINTAI Corporation,2026-05-07
Not assigned,2026-05-07
XYZ.COM LLC,2026-05-07
Charleston Road Registry Inc.,2026-05-07
Not assigned,2026-05-07
"Binky Moon, LLC",2026-05-07
Autorité de Régulation des Télécommunications/TIC de Côte d’lvoire (ARTCI),2026-05-07
Hotel Cipriani Srl,2026-05-07
"Jolly Host, LLC",2026-05-07
"Cisco Technology, Inc.",2026-05-07
Citadel Domain LLC,2026-05-07
Citigroup Inc.,2026-05-07
CITIC Group Corporation,2026-05-07
"Binky Moon, LLC",2026-05-07
Not assigned,2026-05-07
Telecom Cook Islands Ltd.,2026-05-07
NIC Chile (University of Chile),2026-05-07
"Binky Moon, LLC",2026-05-07
"Binky Moon, LLC",2026-05-07
Internet Naming Co.,2026-05-07
"Binky Moon, LLC",2026-05-07
The Estée Lauder Companies Inc.,2026-05-07
"Binky Moon, LLC",2026-05-07
ARUBA PEC S.p.A.,2026-05-07
"Registry Services, LLC",2026-05-07
Club Méditerranée S.A.,2026-05-07
Agence Nationale des Technologies de l'Information et de la Communication (ANTIC),2026-05-07
China Internet Network Information Center (CNNIC),2026-05-07
Ministry of Information and Communications Technologies (MinTIC),2026-05-07
"Binky Moon, LLC",2026-05-07
"Binky Moon, LLC",2026-05-07
"Binky Moon, LLC",2026-05-07
XYZ.COM LLC,2026-05-07
dotKoeln GmbH,2026-05-07
VeriSign Global Registry Services,2026-05-07
Not assigned,2026-05-07
COMMONWEALTH BANK OF AUSTRALIA,2026-05-07
"Binky Moon, LLC",2026-05-07
"Binky Moon, LLC",2026-05-07
"Registry Services, LLC",2026-05-07
"Binky Moon, LLC",2026-05-07
"VeriSign, Inc.",2026-05-07
"Binky Moon, LLC",2026-05-07
"Binky Moon, LLC",2026-05-07
"Dog Beach, LLC",2026-05-07
"Dog Beach, LLC",2026-05-07
"Binky Moon, LLC",2026-05-07
"Registry Services, LLC",2026-05-07
Not assigned,2026-05-07
"Binky Moon, LLC",2026-05-07
DotCooperation LLC,2026-05-07
Collectivité de Corse,2026-05-07
Internet Naming Co.,2026-05-07
"Amazon Registry Services, Inc.",2026-05-07
"Binky Moon, LLC",2026-05-07
"Registry Services, LLC",2026-05-07
American Institute of Certified Public Accountants,2026-05-07
National Academy of Sciences (Academia Nacional de Ciencias),2026-05-07
"Binky Moon, LLC",2026-05-07
"Binky Moon, LLC",2026-05-07
"DotCooperation, LLC",2026-05-07
dot Cricket Limited,2026-05-07
Crown Equipment Corporation,2026-05-07
Federated Co-operatives Limited,2026-05-07
Viking River Cruises (Bermuda) Ltd.,2026-05-07
"Binky Moon, LLC",2026-05-07
Not assigned,2026-05-07
CENIAInternet,2026-05-07
SCHMIDT GROUPE S.A.S.,2026-05-07
Agência Reguladora Multissectorial da Economia (ARME),2026-05-07
University of Curacao,2026-05-07
Christmas Island Domain Administration Limited,2026-05-07
University of Cyprus,2026-05-07
Nominet UK,2026-05-07
Shortdot SA,2026-05-07
"CZ.NIC, z.s.p.o",2026-05-07
Not assigned,2026-05-07
Charleston Road Registry Inc.,2026-05-07
"Dog Beach, LLC",2026-05-07
Dish DBS Corporation,2026-05-07
dot Date Limited,2026-05-07
"Binky Moon, LLC",2026-05-07
"NISSAN MOTOR CO., LTD.",2026-05-07
Charleston Road Registry Inc.,2026-05-07
Charleston Road Registry Inc.,2026-05-07
"Registry Services, LLC",2026-05-07
DENIC eG,2026-05-07
"Amazon Registry Services, Inc.",2026-05-07
Intercap Registry Inc.,2026-05-07
"Binky Moon, LLC",2026-05-07
"Dog Beach, LLC",2026-05-07
"Binky Moon, LLC",2026-05-07
Dell Inc.,2026-05-07
Deloitte Touche Tohmatsu,2026-05-07
"Delta Air Lines, Inc.",2026-05-07
"Dog Beach, LLC",2026-05-07
"Binky Moon, LLC",2026-05-07
"Dog Beach, LLC",2026-05-07
Emergency Back-End Registry Operator Program - ICANN,2026-05-07
"Registry Services, LLC",2026-05-07
Charleston Road Registry Inc.,2026-05-07
Deutsche Post AG,2026-05-07
"Binky Moon, LLC",2026-05-07
XYZ.COM LLC,2026-05-07
"Binky Moon, LLC",2026-05-07
"Binky Moon, LLC",2026-05-07
"Binky Moon, LLC",2026-05-07
"Binky Moon, LLC",2026-05-07
Discover Financial Services,2026-05-07
Dish DBS Corporation,2026-05-07
Internet Naming Co.,2026-05-07
Djibouti Telecom S.A,2026-05-07
Dansk Internet Forum,2026-05-07
DotDM Corporation,2026-05-07
"Dai Nippon Printing Co., Ltd.",2026-05-07
"Pontificia Universidad Catolica Madre y Maestra, Recinto Santo Tomas de Aquino",2026-05-07
Charleston Road Registry Inc.,2026-05-07
"Binky Moon, LLC",2026-05-07
Not assigned,2026-05-07
"Binky Moon, LLC",2026-05-07
Not assigned,2026-05-07
"Binky Moon, LLC",2026-05-07
Not assigned,2026-05-07
Dish DBS Corporation,2026-05-07
dot Support Limited,2026-05-07
Charleston Road Registry Inc.,2026-05-07
Dish DBS Corporation,2026-05-07
Dubai Smart Government Department,2026-05-07
Not assigned,2026-05-07
Not assigned,2026-05-07
Not assigned,2026-05-07
"DuPont Specialty Products USA, LLC",2026-05-07
ZA Central Registry NPC trading as ZA Central Registry,2026-05-07
Deutsche Vermögensberatung Aktiengesellschaft DVAG,2026-05-07
DISH Technologies L.L.C.,2026-05-07
CERIST,2026-05-07
Interlink Systems Innovation Institute K.K.,2026-05-07
Charleston Road Registry Inc.,2026-05-07
ECUADORDOMAIN S.A.,2026-05-07
Big Room Inc.,2026-05-07
EDEKA Verband kaufmännischer Genossenschaften e.V.,2026-05-07
EDUCAUSE,2026-05-07
"Binky Moon, LLC",2026-05-07
Eesti Interneti Sihtasutus (EIS),2026-05-07
"Egyptian Universities Network (EUN), Supreme Council of Universities",2026-05-07
Not assigned,2026-05-07
"Binky Moon, LLC",2026-05-07
Merck KGaA,2026-05-07
Not assigned,2026-05-07
"Binky Moon, LLC",2026-05-07
"Dog Beach, LLC",2026-05-07
"Binky Moon, LLC",2026-05-07
"Binky Moon, LLC",2026-05-07
Not assigned,2026-05-07
Seiko Epson Corporation,2026-05-07
"Binky Moon, LLC",2026-05-07
Eritrea Telecommunication Services Corporation (EriTel),2026-05-07
Telefonaktiebolaget L M Ericsson,2026-05-07
ERNI Group Holding AG,2026-05-07
Red.es,2026-05-07
Charleston Road Registry Inc.,2026-05-07
"Binky Moon, LLC",2026-05-07
Not assigned,2026-05-07
Ethio telecom,2026-05-07
Not assigned,2026-05-07
EURid vzw,2026-05-07
European Broadcasting Union (EBU),2026-05-07
Puntueus Fundazioa,2026-05-07
"Binky Moon, LLC",2026-05-07
Not assigned,2026-05-07
"Binky Moon, LLC",2026-05-07
"Binky Moon, LLC",2026-05-07
"Binky Moon, LLC",2026-05-07
"Binky Moon, LLC",2026-05-07
Extra Space Storage LLC,2026-05-07
Fage International S.A.,2026-05-07
"Binky Moon, LLC",2026-05-07
"FairWinds Partners, LLC",2026-05-07
dot Faith Limited,2026-05-07
"Dog Beach, LLC",2026-05-07
"Dog Beach, LLC",2026-05-07
ZDNS International Limited,2026-05-07
"Binky Moon, LLC",2026-05-07
Farmers Insurance Exchange,2026-05-07
"Registry Services, LLC",2026-05-07
"Amazon Registry Services, Inc.",2026-05-07
Federal Express Corporation,2026-05-07
"Top Level Spectrum, Inc.",2026-05-07
Fiat Chrysler Automobiles N.V.,2026-05-07
Ferrero Trading Lux S.A.,2026-05-07
Finnish Transport and Communications Agency Traficom,2026-05-07
Not assigned,2026-05-07
Fidelity Brokerage Services LLC,2026-05-07
Rogers Communications Canada Inc.,2026-05-07
Motion Picture Domain Registry Pty Ltd,2026-05-07
Núcleo de Informação e Coordenação do Ponto BR - NIC.br,2026-05-07
"Binky Moon, LLC",2026-05-07
"Binky Moon, LLC",2026-05-07
"Amazon Registry Services, Inc.",2026-05-07
"Bridgestone Licensing Services, Inc.",2026-05-07
Firmdale Holdings Limited,2026-05-07
"Binky Moon, LLC",2026-05-07
"Registry Services, LLC",2026-05-07
"Registry Services, LLC",2026-05-07
"Binky Moon, LLC",2026-05-07
"The University of the South Pacific
IT Services",2026-05-07
Falkland Islands Government,2026-05-07
"Flickr, Inc.",2026-05-07
"Binky Moon, LLC",2026-05-07
"FLIR Systems, Inc.",2026-05-07
"Binky Moon, LLC",2026-05-07
XYZ.COM LLC,2026-05-07
Not assigned,2026-05-07
Charleston Road Registry Inc.,2026-05-07
FSM Telecommunications Corporation,2026-05-07
FO Council,2026-05-07
Charleston Road Registry Inc.,2026-05-07
Internet Naming Co.,2026-05-07
Not assigned,2026-05-07
"Binky Moon, LLC",2026-05-07
Ford Motor Company,2026-05-07
"Dog Beach, LLC",2026-05-07
"Dog Beach, LLC",2026-05-07
"Fegistry, LLC",2026-05-07
Public Interest Registry (PIR),2026-05-07
"FOX Registry, LLC",2026-05-07
Association Française pour le Nommage Internet en Coopération (A.F.N.I.C.),2026-05-07
"Amazon Registry Services, Inc.",2026-05-07
Fresenius Immobilien-Verwaltungs-GmbH,2026-05-07
FRLregistry B.V.,2026-05-07
OP3FT,2026-05-07
Not assigned,2026-05-07
Frontier Communications Corporation,2026-05-07
Frontier Communications Corporation,2026-05-07
Fujitsu Limited,2026-05-07
Not assigned,2026-05-07
Radix Technologies Inc.,2026-05-07
"Binky Moon, LLC",2026-05-07
"Binky Moon, LLC",2026-05-07
"Dog Beach, LLC",2026-05-07
"Binky Moon, LLC",2026-05-07
Agence Nationale des Infrastructures Numériques et des Fréquences (ANINF),2026-05-07
Asociación puntoGAL,2026-05-07
"Binky Moon, LLC",2026-05-07
"Gallo Vineyards, Inc.",2026-05-07
"Gallup, Inc.",2026-05-07
XYZ.COM LLC,2026-05-07
"Dog Beach, LLC",2026-05-07
"The Gap, Inc.",2026-05-07
"Registry Services, LLC",2026-05-07
"Registry Services, LLC",2026-05-07
Reserved Domain - IANA,2026-05-07
Charleston Road Registry Inc.,2026-05-07
The National Telecommunications Regulatory Commission (NTRC),2026-05-07
"Joint Stock Company ""Navigation-information systems""",2026-05-07
Caucasus Online LLC,2026-05-07
GEA Group Aktiengesellschaft,2026-05-07
Easyhost bv,2026-05-07
Resorts World Inc. Pte. Ltd.,2026-05-07
"Wal-Mart Stores, Inc.",2026-05-07
CANAL+ TELECOM,2026-05-07
Island Networks Ltd.,2026-05-07
"GMO Internet, Inc.",2026-05-07
Network Computer Systems Limited,2026-05-07
Sapphire Networks,2026-05-07
"Uniregistry, Corp.",2026-05-07
"Binky Moon, LLC",2026-05-07
Public Interest Registry (PIR),2026-05-07
Public Interest Registry (PIR),2026-05-07
TELE Greenland A/S,2026-05-07
Not assigned,2026-05-07
"Binky Moon, LLC",2026-05-07
Charleston Road Registry Inc.,2026-05-07
Identity Digital Limited,2026-05-07
Globo Comunicação e Participações S.A,2026-05-07
GM-NIC,2026-05-07
Charleston Road Registry Inc.,2026-05-07
"Binky Moon, LLC",2026-05-07
"GMO Internet, Inc.",2026-05-07
1&1 Mail & Media GmbH,2026-05-07
Centre National des Sciences Halieutiques de Boussoura,2026-05-07
"Go Daddy East, LLC",2026-05-07
"Binky Moon, LLC",2026-05-07
"YODOBASHI CAMERA CO.,LTD.",2026-05-07
"Binky Moon, LLC",2026-05-07
Not assigned,2026-05-07
Not assigned,2026-05-07
The Goodyear Tire & Rubber Company,2026-05-07
Charleston Road Registry Inc.,2026-05-07
Charleston Road Registry Inc.,2026-05-07
"Republican State Leadership Committee, Inc.",2026-05-07
"Amazon Registry Services, Inc.",2026-05-07
Cybersecurity and Infrastructure Security Agency,2026-05-07
Networking Technologies Group,2026-05-07
GETESA,2026-05-07
ICS-FORTH GR,2026-05-07
"Grainger Registry Services, LLC",2026-05-07
"Binky Moon, LLC",2026-05-07
"Binky Moon, LLC",2026-05-07
Identity Digital Limited,2026-05-07
"Binky Moon, LLC",2026-05-07
"Wal-Mart Stores, Inc.",2026-05-07
"Binky Moon, LLC",2026-05-07
Government of South Georgia and South Sandwich Islands (GSGSSI),2026-05-07
Universidad del Valle de Guatemala,2026-05-07
University of Guam,2026-05-07
Not assigned,2026-05-07
Guccio Gucci S.p.a.,2026-05-07
Charleston Road Registry Inc.,2026-05-07
"Binky Moon, LLC",2026-05-07
XYZ.COM LLC,2026-05-07
"Binky Moon, LLC",2026-05-07
Autoridade Reguladora Nacional - Tecnologias de Informação e Comunicação da Guiné-Bissau,2026-05-07
University of Guyana,2026-05-07
XYZ.COM LLC,2026-05-07
Hamburg Top-Level-Domain GmbH,2026-05-07
Charleston Road Registry Inc.,2026-05-07
"Dog Beach, LLC",2026-05-07
"HBO Registry Services, Inc.",2026-05-07
HOUSING DEVELOPMENT FINANCE CORPORATION LIMITED,2026-05-07
HDFC Bank Limited,2026-05-07
"Registry Services, LLC",2026-05-07
"Binky Moon, LLC",2026-05-07
Innovation Service Ltd,2026-05-07
City of Helsinki,2026-05-07
Charleston Road Registry Inc.,2026-05-07
Hermes International,2026-05-07
Not assigned,2026-05-07
"Dot Hip Hop, LLC",2026-05-07
"Hisamitsu Pharmaceutical Co.,Inc.",2026-05-07
"Hitachi, Ltd.",2026-05-07
Internet Naming Co.,2026-05-07
Hong Kong Internet Registration Corporation Ltd.,2026-05-07
PCCW-HKT DataCom Services Limited,2026-05-07
HM Domain Registry,2026-05-07
Red de Desarrollo Sostenible Honduras,2026-05-07
"Binky Moon, LLC",2026-05-07
"Binky Moon, LLC",2026-05-07
"Binky Moon, LLC",2026-05-07
"Home Depot Product Authority, LLC",2026-05-07
"The TJX Companies, Inc.",2026-05-07
XYZ.COM LLC,2026-05-07
"The TJX Companies, Inc.",2026-05-07
"Honda Motor Co., Ltd.",2026-05-07
Not assigned,2026-05-07
"Registry Services, LLC",2026-05-07
"Binky Moon, LLC",2026-05-07
Radix Technologies Inc.,2026-05-07
XYZ.COM LLC,2026-05-07
"Amazon Registry Services, Inc.",2026-05-07
Not assigned,2026-05-07
Booking.com B.V.,2026-05-07
Microsoft Corporation,2026-05-07
"Binky Moon, LLC",2026-05-07
Charleston Road Registry Inc.,2026-05-07
CARNet - Croatian Academic and Research Network,2026-05-07
HSBC Global Services (UK) Limited,2026-05-07
Consortium FDS/RDDH,2026-05-07
Not assigned,2026-05-07
Council of Hungarian Internet Providers (CHIP),2026-05-07
Hughes Satellite Systems Corporation,2026-05-07
"Hyatt GTLD, L.L.C.",2026-05-07
Hyundai Motor Company,2026-05-07
International Business Machines Corporation,2026-05-07
Industrial and Commercial Bank of China Limited,2026-05-07
"IntercontinentalExchange, Inc.",2026-05-07
Shortdot SA,2026-05-07
Perkumpulan Pengelola Nama Domain Internet Indonesia (PANDI),2026-05-07
"University College Dublin, Computing Services, Computer Centre",2026-05-07
IEEE Global LLC,2026-05-07
ifm electronic gmbh,2026-05-07
Not assigned,2026-05-07
Ikano S.A.,2026-05-07
The Israel Internet Association (RA),2026-05-07
Isle of Man Government,2026-05-07
Fondation Aga Khan (Aga Khan Foundation),2026-05-07
"Amazon Registry Services, Inc.",2026-05-07
"Binky Moon, LLC",2026-05-07
"Dog Beach, LLC",2026-05-07
National Internet Exchange of India,2026-05-07
Intercap Registry Inc.,2026-05-07
"Binky Moon, LLC",2026-05-07
"NISSAN MOTOR CO., LTD.",2026-05-07
Identity Digital Limited,2026-05-07
Charleston Road Registry Inc.,2026-05-07
"Registry Services, LLC",2026-05-07
"Binky Moon, LLC",2026-05-07
fTLD Registry Services LLC,2026-05-07
"Binky Moon, LLC",2026-05-07
Internet Assigned Numbers Authority,2026-05-07
Not assigned,2026-05-07
"Binky Moon, LLC",2026-05-07
"Intuit Administrative Services, Inc.",2026-05-07
"Binky Moon, LLC",2026-05-07
Internet Computer Bureau Limited,2026-05-07
Ipiranga Produtos de Petroleo S.A.,2026-05-07
Communications and Media Commission (CMC),2026-05-07
Institute for Research in Fundamental Sciences,2026-05-07
"Binky Moon, LLC",2026-05-07
ISNIC - Internet á Íslandi hf.,2026-05-07
Not assigned,2026-05-07
Fondation Aga Khan (Aga Khan Foundation),2026-05-07
Istanbul Metropolitan Municipality,2026-05-07
Istanbul Metropolitan Municipality,2026-05-07
IIT - CNR,2026-05-07
Itau Unibanco Holding S.A.,2026-05-07
ITV Services Limited,2026-05-07
Not assigned,2026-05-07
Not assigned,2026-05-07
Jaguar Land Rover Ltd,2026-05-07
Oracle Corporation,2026-05-07
"JCB Co., Ltd.",2026-05-07
Not assigned,2026-05-07
Island Networks (Jersey) Ltd.,2026-05-07
FCA US LLC.,2026-05-07
"Binky Moon, LLC",2026-05-07
"Binky Moon, LLC",2026-05-07
Reliance Industries Limited,2026-05-07
Not assigned,2026-05-07
Jones Lang LaSalle Incorporated,2026-05-07
University of West Indies,2026-05-07
Matrix IP LLC,2026-05-07
"Johnson & Johnson Services, Inc.",2026-05-07
Ministry of Digital Economy and Entrepreneurship (MoDEE),2026-05-07
Employ Media LLC,2026-05-07
ZA Central Registry NPC trading as ZA Central Registry,2026-05-07
"Amazon Registry Services, Inc.",2026-05-07
"Amazon Registry Services, Inc.",2026-05-07
"Japan Registry Services Co., Ltd.",2026-05-07
"JPMorgan Chase Bank, National Association",2026-05-07
"Japan Registry Services Co., Ltd.",2026-05-07
"Dog Beach, LLC",2026-05-07
"JUNIPER NETWORKS, INC.",2026-05-07
"Dog Beach, LLC",2026-05-07
KDDI CORPORATION,2026-05-07
Kenya Network Information Center (KeNIC),2026-05-07
Kerry Trading Co. Limited,2026-05-07
Not assigned,2026-05-07
Kerry Trading Co. Limited,2026-05-07
Kuwait Finance House,2026-05-07
AsiaInfo Telecommunication Enterprise,2026-05-07
Telecommunication Regulator of Cambodia (TRC),2026-05-07
"Ministry of Information, Communications and Transport (MICT)",2026-05-07
KIA MOTORS CORPORATION,2026-05-07
DotKids Foundation Limited,2026-05-07
Identity Digital Limited,2026-05-07
Not assigned,2026-05-07
"Amazon Registry Services, Inc.",2026-05-07
"Binky Moon, LLC",2026-05-07
DOT KIWI LIMITED,2026-05-07
Comores Telecom,2026-05-07
"Ministry of Finance, Sustainable Development Information & Technology",2026-05-07
dotKoeln GmbH,2026-05-07
Komatsu Ltd.,2026-05-07
Kosher Marketing Assets LLC,2026-05-07
Star Joint Venture Company,2026-05-07
KPMG International Cooperative (KPMG International Genossenschaft),2026-05-07
Koninklijke KPN N.V.,2026-05-07
Korea Internet & Security Agency (KISA),2026-05-07
KRG Department of Information Technology,2026-05-07
KredTLD Pty Ltd,2026-05-07
Kerry Trading Co. Limited,2026-05-07
Communications and Information Technology Regulatory Authority,2026-05-07
Utility Regulation and Competition Office (OfReg),2026-05-07
Academic Institution: Kyoto Jyoho Gakuen,2026-05-07
Association of IT Companies of Kazakhstan,2026-05-07
"Lao National Internet Center (LANIC), Ministry of Technology and Communications",2026-05-07
"Fundación Bancaria Caixa d'Estalvis i Pensions de Barcelona, ""la Caixa""",2026-05-07
Not assigned,2026-05-07
Automobili Lamborghini S.p.A.,2026-05-07
The Estée Lauder Companies Inc.,2026-05-07
Not assigned,2026-05-07
Not assigned,2026-05-07
Not assigned,2026-05-07
"Binky Moon, LLC",2026-05-07
Jaguar Land Rover Ltd,2026-05-07
LANXESS Corporation,2026-05-07
Jones Lang LaSalle Incorporated,2026-05-07
XYZ.COM LLC,2026-05-07
Dish DBS Corporation,2026-05-07
La Trobe University,2026-05-07
"Registry Services, LLC",2026-05-07
"Dog Beach, LLC",2026-05-07
Internet Society Lebanon,2026-05-07
University of Puerto Rico,2026-05-07
"IRI Domain Management, LLC",2026-05-07
"Binky Moon, LLC",2026-05-07
A.C.D. LEC Association des Centres Distributeurs Edouard Leclerc,2026-05-07
"LeFrak Organization, Inc.",2026-05-07
"Binky Moon, LLC",2026-05-07
LEGO Juris A/S,2026-05-07
TOYOTA MOTOR CORPORATION,2026-05-07
Identity Digital Limited,2026-05-07
SWITCH The Swiss Education & Research Network,2026-05-07
Not assigned,2026-05-07
Schwarz Domains und Services GmbH & Co. KG,2026-05-07
"Binky Moon, LLC",2026-05-07
American Council of Life Insurers,2026-05-07
Internet Naming Co.,2026-05-07
"Binky Moon, LLC",2026-05-07
"Amazon Registry Services, Inc.",2026-05-07
Eli Lilly and Company,2026-05-07
"Binky Moon, LLC",2026-05-07
"Binky Moon, LLC",2026-05-07
Ford Motor Company,2026-05-07
Not assigned,2026-05-07
Nova Registry Ltd.,2026-05-07
Not assigned,2026-05-07
"Dog Beach, LLC",2026-05-07
Internet Naming Co.,2026-05-07
Not assigned,2026-05-07
"Council for Information Technology
LK Domain Registrar",2026-05-07
Identity Digital Limited,2026-05-07
Intercap Registry Inc.,2026-05-07
dot Loan Limited,2026-05-07
"Binky Moon, LLC",2026-05-07
Orange Domains LLC,2026-05-07
Locus Analytics LLC,2026-05-07
Not assigned,2026-05-07
XYZ.COM LLC,2026-05-07
Dot London Domains Limited,2026-05-07
"Lotte Holdings Co., Ltd.",2026-05-07
Identity Digital Limited,2026-05-07
Waterford Limited,2026-05-07
"LPL Holdings, Inc.",2026-05-07
"LPL Holdings, Inc.",2026-05-07
"Data Technology Solutions, Inc.",2026-05-07
Lesotho Network Information Centre Proprietary (LSNIC),2026-05-07
Kaunas University of Technology,2026-05-07
"Binky Moon, LLC",2026-05-07
InterNetX Corp.,2026-05-07
RESTENA,2026-05-07
H. Lundbeck A/S,2026-05-07
Not assigned,2026-05-07
"Registry Services, LLC",2026-05-07
Luxury Partners LLC,2026-05-07
"University of Latvia, Institute of Mathematics and Computer Science, Department of Network Solutions (DNS)",2026-05-07
General Authority of Communications and Informatics (GACI),2026-05-07
Agence Nationale de Réglementation des Télécommunications (ANRT),2026-05-07
Not assigned,2026-05-07
Comunidad de Madrid,2026-05-07
Mutuelle Assurance Instituteur France (MAIF),2026-05-07
"Binky Moon, LLC",2026-05-07
XYZ.COM LLC,2026-05-07
MAN Truck & Bus SE,2026-05-07
"Binky Moon, LLC",2026-05-07
PUNTO FA S.L.,2026-05-07
Charleston Road Registry Inc.,2026-05-07
"Dog Beach, LLC",2026-05-07
"Binky Moon, LLC",2026-05-07
"Dog Beach, LLC",2026-05-07
Marriott Worldwide Corporation,2026-05-07
"The TJX Companies, Inc.",2026-05-07
Not assigned,2026-05-07
"Mattel IT Services, Inc.",2026-05-07
"Binky Moon, LLC",2026-05-07
Direction des Plateformes et des Ressources Numériques,2026-05-07
Not assigned,2026-05-07
Not assigned,2026-05-07
"McKinsey Holdings, Inc.",2026-05-07
IP Serviciul Tehnologia Informatiei si Securitate Cibernetica,2026-05-07
Government of Montenegro,2026-05-07
Medistry LLC,2026-05-07
"Binky Moon, LLC",2026-05-07
Charleston Road Registry Inc.,2026-05-07
"The Crown in right of the State of Victoria, represented by its Department of State Development, Business and Innovation",2026-05-07
Charleston Road Registry Inc.,2026-05-07
"Dog Beach, LLC",2026-05-07
Exclusive Registry Limited,2026-05-07
Dot Menu Registry LLC,2026-05-07
Not assigned,2026-05-07
"Merck Registry Holdings, Inc.",2026-05-07
"MSD Registry Holdings, Inc.",2026-05-07
Not assigned,2026-05-07
Not assigned,2026-05-07
NIC-MG (Network Information Center Madagascar),2026-05-07
Office of the Cabinet,2026-05-07
"Registry Services, LLC",2026-05-07
Microsoft Corporation,2026-05-07
DoD Network Information Center,2026-05-07
Bayerische Motoren Werke Aktiengesellschaft,2026-05-07
"Intuit Administrative Services, Inc.",2026-05-07
Massachusetts Institute of Technology,2026-05-07
Mitsubishi Corporation,2026-05-07
Macedonian Academic Research Network Skopje,2026-05-07
Agence des Technologies de l’Information et de la Communication,2026-05-07
"MLB Advanced Media DH, LLC",2026-05-07
The Canadian Real Estate Association,2026-05-07
Ministry of Transport and Communications,2026-05-07
MMA IARD,2026-05-07
"Datacom Co., Ltd.",2026-05-07
Macao Post and Telecommunications Bureau (CTT),2026-05-07
Identity Digital Limited,2026-05-07
Dish DBS Corporation,2026-05-07
Not assigned,2026-05-07
"Dog Beach, LLC",2026-05-07
Interlink Systems Innovation Institute K.K.,2026-05-07
"Amazon Registry Services, Inc.",2026-05-07
XYZ.COM LLC,2026-05-07
Monash University,2026-05-07
"Binky Moon, LLC",2026-05-07
XYZ.COM LLC,2026-05-07
Not assigned,2026-05-07
Not assigned,2026-05-07
"IRI Domain Management, LLC (""Applicant"")",2026-05-07
"Dog Beach, LLC",2026-05-07
Foundation for Assistance for Internet Technologies and Infrastructure Development (FAITID),2026-05-07
"Motorola Trademark Holdings, LLC",2026-05-07
XYZ.COM LLC,2026-05-07
Charleston Road Registry Inc.,2026-05-07
"Binky Moon, LLC",2026-05-07
Not assigned,2026-05-07
"Saipan Datacom, Inc.",2026-05-07
CANAL+ TELECOM,2026-05-07
Université de Nouakchott Al Aasriya,2026-05-07
MNI Networks Ltd.,2026-05-07
"MSD Registry Holdings, Inc.",2026-05-07
NIC (Malta),2026-05-07
MTN Dubai Limited,2026-05-07
Not assigned,2026-05-07
MTR Corporation Limited,2026-05-07
Internet Direct Ltd,2026-05-07
Museum Domain Management Association,2026-05-07
DotMusic Limited,2026-05-07
Not assigned,2026-05-07
Not assigned,2026-05-07
Dhivehi Raajjeyge Gulhun PLC,2026-05-07
Malawi Sustainable Development Network Programme (Malawi SDNP),2026-05-07
"NIC-Mexico
ITESM - Campus Monterrey",2026-05-07
MYNIC Berhad,2026-05-07
Centro de Informatica de Universidade Eduardo Mondlane,2026-05-07
Namibian Network Information Center,2026-05-07
National Australia Bank Limited,2026-05-07
Not assigned,2026-05-07
"GMO Registry, Inc.",2026-05-07
"VeriSign Information Services, Inc.",2026-05-07
Not assigned,2026-05-07
Not assigned,2026-05-07
"Dog Beach, LLC",2026-05-07
"NBA REGISTRY, LLC",2026-05-07
Office des Postes et Telecommunications,2026-05-07
SONITEL,2026-05-07
NEC Corporation,2026-05-07
VeriSign Global Registry Services,2026-05-07
COMMONWEALTH BANK OF AUSTRALIA,2026-05-07
"Netflix, Inc.",2026-05-07
"Binky Moon, LLC",2026-05-07
"NeuStar, Inc.",2026-05-07
Charleston Road Registry Inc.,2026-05-07
Not assigned,2026-05-07
"Dog Beach, LLC",2026-05-07
Next plc,2026-05-07
Next plc,2026-05-07
Charleston Road Registry Inc.,2026-05-07
Norfolk Island Data Services,2026-05-07
NFL Reg Ops LLC,2026-05-07
Nigeria Internet Registration Association,2026-05-07
Public Interest Registry,2026-05-07
Japan Broadcasting Corporation (NHK),2026-05-07
Universidad Nacional del Ingernieria. Division de Tecnologias de la Informacion.,2026-05-07
"DWANGO Co., Ltd.",2026-05-07
"NIKE, Inc.",2026-05-07
NIKON CORPORATION,2026-05-07
"Dog Beach, LLC",2026-05-07
"NISSAN MOTOR CO., LTD.",2026-05-07
Nippon Life Insurance Company,2026-05-07
SIDN (Stichting Internet Domeinregistratie Nederland),2026-05-07
Norid A/S,2026-05-07
Nokia Corporation,2026-05-07
Not assigned,2026-05-07
Gen Digital Inc.,2026-05-07
"Amazon Registry Services, Inc.",2026-05-07
Emergency Back-End Registry Operator Program - ICANN,2026-05-07
Starbucks (HK) Limited,2026-05-07
Mercantile Communications Pvt. Ltd.,2026-05-07
CENPAC NET,2026-05-07
National Rifle Association of America,2026-05-07
Minds + Machines GmbH,2026-05-07
NIPPON TELEGRAPH AND TELEPHONE CORPORATION,2026-05-07
The IUSN Foundation,2026-05-07
The City of New York by and through the New York City Department of Information Technology & Telecommunications,2026-05-07
InternetNZ,2026-05-07
OBI Group Holding SE & Co. KGaA,2026-05-07
"Fegistry, LLC",2026-05-07
Not assigned,2026-05-07
Microsoft Corporation,2026-05-07
"BRregistry, Inc.",2026-05-07
Competrol (Luxembourg) Sarl,2026-05-07
Competrol (Luxembourg) Sarl,2026-05-07
Not assigned,2026-05-07
Dish DBS Corporation,2026-05-07
Telecommunications Regulatory Authority (TRA),2026-05-07
The Swatch Group Ltd,2026-05-07
One.com A/S,2026-05-07
Public Interest Registry,2026-05-07
"Jolly Host, LLC",2026-05-07
Radix Technologies Inc. SEZC,2026-05-07
Not assigned,2026-05-07
INFIBEAM AVENUES LIMITED,2026-05-07
"American Express Travel Related Services Company, Inc.",2026-05-07
Oracle Corporation,2026-05-07
Orange Brand Services Limited,2026-05-07
Public Interest Registry (PIR),2026-05-07
Identity Digital Limited,2026-05-07
Not assigned,2026-05-07
The Estée Lauder Companies Inc.,2026-05-07
"Osaka Registry Co., Ltd.",2026-05-07
"Otsuka Holdings Co., Ltd.",2026-05-07
Dish DBS Corporation,2026-05-07
OVH SAS,2026-05-07
Universidad Tecnologica de Panama,2026-05-07
Charleston Road Registry Inc.,2026-05-07
Not assigned,2026-05-07
Panasonic Corporation,2026-05-07
Not assigned,2026-05-07
City of Paris,2026-05-07
Emergency Back-End Registry Operator Program - ICANN,2026-05-07
"Binky Moon, LLC",2026-05-07
"Binky Moon, LLC",2026-05-07
Blue Sky Registry Limited,2026-05-07
Not assigned,2026-05-07
"Amazon Registry Services, Inc.",2026-05-07
PCCW Enterprises Limited,2026-05-07
Red Cientifica Peruana,2026-05-07
Identity Digital Limited,2026-05-07
Gouvernement de la Polynésie française,2026-05-07
Pfizer Inc.,2026-05-07
"PNG DNS Administration, Vice Chancellors Office, The Papua New Guinea University of Technology",2026-05-07
PH Domain Foundation,2026-05-07
National Association of Boards of Pharmacy,2026-05-07
Charleston Road Registry Inc.,2026-05-07
Koninklijke Philips N.V.,2026-05-07
Dish DBS Corporation,2026-05-07
"Registry Services, LLC",2026-05-07
"Binky Moon, LLC",2026-05-07
"Binky Moon, LLC",2026-05-07
PhysBiz Pty Ltd,2026-05-07
Not assigned,2026-05-07
XYZ.COM LLC,2026-05-07
Banque Pictet & Cie SA,2026-05-07
"Binky Moon, LLC",2026-05-07
"Top Level Spectrum, Inc.",2026-05-07
"Amazon Registry Services, Inc.",2026-05-07
"Ping Registry Provider, Inc.",2026-05-07
Identity Digital Limited,2026-05-07
Pioneer Corporation,2026-05-07
"Binky Moon, LLC",2026-05-07
PKNIC,2026-05-07
Research and Academic Computer Network,2026-05-07
"Binky Moon, LLC",2026-05-07
Charleston Road Registry Inc.,2026-05-07
Sony Computer Entertainment Inc.,2026-05-07
"Binky Moon, LLC",2026-05-07
"Binky Moon, LLC",2026-05-07
Association Française pour le Nommage Internet en Coopération (A.F.N.I.C.),2026-05-07
Pitcairn Island Administration,2026-05-07
"PNC Domain Co., LLC",2026-05-07
Deutsche Vermögensberatung Aktiengesellschaft DVAG,2026-05-07
Identity Digital Limited,2026-05-07
Politie Nederland,2026-05-07
ICM Registry PN LLC,2026-05-07
Universal Postal Union,2026-05-07
Gauss Research Laboratory Inc.,2026-05-07
Not assigned,2026-05-07
Praxi S.p.A.,2026-05-07
Radix Technologies Inc.,2026-05-07
"Amazon Registry Services, Inc.",2026-05-07
Identity Digital Limited,2026-05-07
Charleston Road Registry Inc.,2026-05-07
"Binky Moon, LLC",2026-05-07
Charleston Road Registry Inc.,2026-05-07
Progressive Casualty Insurance Company,2026-05-07
Identity Digital Limited,2026-05-07
"Binky Moon, LLC",2026-05-07
Digital Property Infrastructure Limited,2026-05-07
XYZ.COM LLC,2026-05-07
"Prudential Financial, Inc.",2026-05-07
"Prudential Financial, Inc.",2026-05-07
"Ministry of Telecommunications & Information Technology, Government Computer Center",2026-05-07
Associação DNS.PT,2026-05-07
"Dog Beach, LLC",2026-05-07
Micronesia Investment and Development Corporation,2026-05-07
PricewaterhouseCoopers LLP,2026-05-07
NIC-PY,2026-05-07
Communications Regulatory Authority,2026-05-07
DOTQPON LLC.,2026-05-07
PointQuébec Inc,2026-05-07
XYZ.COM LLC,2026-05-07
Not assigned,2026-05-07
Premier Registry Limited,2026-05-07
"Digity, LLC",2026-05-07
Not assigned,2026-05-07
Association Française pour le Nommage Internet en Coopération (A.F.N.I.C.),2026-05-07
"Amazon Registry Services, Inc.",2026-05-07
dotRealEstate LLC,2026-05-07
Real Estate Domains LLC,2026-05-07
Internet Naming Co.,2026-05-07
"Binky Moon, LLC",2026-05-07
Identity Digital Limited,2026-05-07
Not assigned,2026-05-07
"Travelers TLD, LLC",2026-05-07
"Dog Beach, LLC",2026-05-07
"Binky Moon, LLC",2026-05-07
"Binky Moon, LLC",2026-05-07
"National Association of Real Estate Investment Trusts, Inc.",2026-05-07
Reliance Industries Limited,2026-05-07
ZDNS International Limited,2026-05-07
XYZ.COM LLC,2026-05-07
"Binky Moon, LLC",2026-05-07
"Binky Moon, LLC",2026-05-07
"Binky Moon, LLC",2026-05-07
"Dog Beach, LLC",2026-05-07
Punto 2012 Sociedad Anonima Promotora de Inversion de Capital Variable,2026-05-07
"Binky Moon, LLC",2026-05-07
dot Review Limited,2026-05-07
"Dog Beach, LLC",2026-05-07
Robert Bosch GMBH,2026-05-07
iRegistry GmbH,2026-05-07
Pacific Century Asset Management (HK) Limited,2026-05-07
"Ricoh Company, Ltd.",2026-05-07
Not assigned,2026-05-07
Reliance Industries Limited,2026-05-07
Empresa Municipal de Informática SA - IPLANRIO,2026-05-07
"Dog Beach, LLC",2026-05-07
Not assigned,2026-05-07
National Institute for R&D in Informatics,2026-05-07
Not assigned,2026-05-07
"Dog Beach, LLC",2026-05-07
"Registry Services, LLC",2026-05-07
Rogers Communications Canada Inc.,2026-05-07
"Amazon Registry Services, Inc.",2026-05-07
Serbian National Internet Domain Registry (RNIDS),2026-05-07
Charleston Road Registry Inc.,2026-05-07
Coordination Center for TLD RU,2026-05-07
World Rugby Strategic Developments Limited,2026-05-07
dotSaarland GmbH,2026-05-07
"Binky Moon, LLC",2026-05-07
Rwanda Internet Community and Technology  Alliance (RICTA) Ltd,2026-05-07
RWE AG,2026-05-07
"BRregistry, Inc.",2026-05-07
"Communications, Space and Technology Commission",2026-05-07
dotSaarland GmbH,2026-05-07
"Amazon Registry Services, Inc.",2026-05-07
"Safety Registry Services, LLC.",2026-05-07
SAKURA internet Inc.,2026-05-07
"Dog Beach, LLC",2026-05-07
"Binky Moon, LLC",2026-05-07
"Wal-Mart Stores, Inc.",2026-05-07
"SAMSUNG SDS CO., LTD",2026-05-07
Sandvik AB,2026-05-07
Sandvik AB,2026-05-07
Sanofi,2026-05-07
SAP AG,2026-05-07
Not assigned,2026-05-07
"Binky Moon, LLC",2026-05-07
Research IP LLC,2026-05-07
"Amazon Registry Services, Inc.",2026-05-07
Saxo Bank A/S,2026-05-07
Solomon Telekom Company Limited,2026-05-07
STATE BANK OF INDIA,2026-05-07
Shortdot SA,2026-05-07
VCS Pty Ltd,2026-05-07
Not assigned,2026-05-07
"The Siam Commercial Bank Public Company Limited (""SCB"")",2026-05-07
Schaeffler Technologies AG & Co. KG,2026-05-07
SCHMIDT GROUPE S.A.S.,2026-05-07
"Scholarships.com, LLC",2026-05-07
"Binky Moon, LLC",2026-05-07
"Binky Moon, LLC",2026-05-07
Schwarz Domains und Services GmbH & Co. KG,2026-05-07
dot Science Limited,2026-05-07
Not assigned,2026-05-07
Not assigned,2026-05-07
Dot Scot Registry Limited,2026-05-07
Sudan Internet Society,2026-05-07
The Internet Infrastructure Foundation,2026-05-07
Charleston Road Registry Inc.,2026-05-07
"SEAT, S.A. (Sociedad Unipersonal)",2026-05-07
"Amazon Registry Services, Inc.",2026-05-07
XYZ.COM LLC,2026-05-07
Seek Limited,2026-05-07
"Registry Services, LLC",2026-05-07
"Sener Ingeniería y Sistemas, S.A.",2026-05-07
"Binky Moon, LLC",2026-05-07
Not assigned,2026-05-07
Seven West Media Ltd,2026-05-07
SEW-EURODRIVE GmbH & Co KG,2026-05-07
ICM Registry SX LLC,2026-05-07
Internet Naming Co.,2026-05-07
Societe Francaise du Radiotelephone - SFR,2026-05-07
Singapore Network Information Centre (SGNIC) Pte Ltd,2026-05-07
Government of St. Helena,2026-05-07
Shangri-La International Hotel Management Limited,2026-05-07
Sharp Corporation,2026-05-07
Not assigned,2026-05-07
Shell Information Technology International Inc,2026-05-07
Emergency Back-End Registry Operator Program - ICANN,2026-05-07
Identity Digital Limited,2026-05-07
"Binky Moon, LLC",2026-05-07
"GMO Registry, Inc.",2026-05-07
"Binky Moon, LLC",2026-05-07
"Beijing Qihu Keji Co., Ltd.",2026-05-07
"Binky Moon, LLC",2026-05-07
Not assigned,2026-05-07
Not assigned,2026-05-07
Academic and Research Network of Slovenia (ARNES),2026-05-07
"Amazon Registry Services, Inc.",2026-05-07
Sina Corporation,2026-05-07
"Binky Moon, LLC",2026-05-07
Radix Technologies Inc. SEZC,2026-05-07
Norid A/S,2026-05-07
"SK-NIC, a.s.",2026-05-07
Identity Digital Limited,2026-05-07
XYZ.COM LLC,2026-05-07
Sky UK Limited,2026-05-07
Microsoft Corporation,2026-05-07
Sierratel,2026-05-07
DISH Technologies L.L.C.,2026-05-07
Telecom Italia San Marino S.p.A.,2026-05-07
"Smart Communications, Inc. (SMART)",2026-05-07
"Amazon Registry Services, Inc.",2026-05-07
Universite Cheikh Anta Diop,2026-05-07
Société Nationale SNCF,2026-05-07
Ministry of Post and Telecommunications,2026-05-07
"Binky Moon, LLC",2026-05-07
"Dog Beach, LLC",2026-05-07
SoftBank Group Corp.,2026-05-07
"Dog Beach, LLC",2026-05-07
Sohu.com Limited,2026-05-07
"Binky Moon, LLC",2026-05-07
"Binky Moon, LLC",2026-05-07
"Amazon Registry Services, Inc.",2026-05-07
Sony Corporation,2026-05-07
Charleston Road Registry Inc.,2026-05-07
Asia Spa and Wellness Promotion Council Limited,2026-05-07
Radix Technologies Inc.,2026-05-07
Not assigned,2026-05-07
SportAccord,2026-05-07
"Amazon Registry Services, Inc.",2026-05-07
Not assigned,2026-05-07
Telesur,2026-05-07
InterNetX Corp.,2026-05-07
Not assigned,2026-05-07
National Communication Authority (NCA),2026-05-07
Tecnisys,2026-05-07
STADA Arzneimittel AG,2026-05-07
"Staples, Inc.",2026-05-07
Star India Private Limited,2026-05-07
Not assigned,2026-05-07
STATE BANK OF INDIA,2026-05-07
State Farm Mutual Automobile Insurance Company,2026-05-07
Not assigned,2026-05-07
Saudi Telecom Company,2026-05-07
Saudi Telecom Company,2026-05-07
Stockholms kommun,2026-05-07
XYZ.COM LLC,2026-05-07
Radix Technologies Inc.,2026-05-07
dot Stream Limited,2026-05-07
"Dog Beach, LLC",2026-05-07
"Registry Services, LLC",2026-05-07
"Binky Moon, LLC",2026-05-07
Russian Institute for Development of Public Networks (ROSNIIROS),2026-05-07
Vox Populi Registry Ltd.,2026-05-07
"Binky Moon, LLC",2026-05-07
"Binky Moon, LLC",2026-05-07
"Binky Moon, LLC",2026-05-07
"Registry Services, LLC",2026-05-07
"Binky Moon, LLC",2026-05-07
SUZUKI MOTOR CORPORATION,2026-05-07
SVNet,2026-05-07
The Swatch Group Ltd,2026-05-07
Not assigned,2026-05-07
Swiss Confederation,2026-05-07
SX Registry SA B.V.,2026-05-07
National Authority for Information Technology Services (NAITS),2026-05-07
"State of New South Wales, Department of Premier and Cabinet",2026-05-07
Not assigned,2026-05-07
"Binky Moon, LLC",2026-05-07
"University of Swaziland
Department of Computer Science",2026-05-07
Tabcorp Holdings Limited,2026-05-07
Taipei City Government,2026-05-07
"Amazon Registry Services, Inc.",2026-05-07
Alibaba Group Holding Limited,2026-05-07
"Target Domain Holdings, LLC",2026-05-07
Tata Motors Ltd,2026-05-07
"Limited Liability Company ""Coordination Center of Regional Domain of Tatarstan Republic""",2026-05-07
"Registry Services, LLC",2026-05-07
"Binky Moon, LLC",2026-05-07
"Binky Moon, LLC",2026-05-07
Melrex TC,2026-05-07
Emergency Back-End Registry Operator Program - ICANN,2026-05-07
l'Agence de Développement des Technologies de l'Information et de la Communication (ADETIC),2026-05-07
TDK Corporation,2026-05-07
"Binky Moon, LLC",2026-05-07
Radix Technologies Inc.,2026-05-07
"Binky Moon, LLC",2026-05-07
Telnames Ltd.,2026-05-07
Not assigned,2026-05-07
Not assigned,2026-05-07
Temasek Holdings (Private) Limited,2026-05-07
"Binky Moon, LLC",2026-05-07
Teva Pharmaceutical Industries Limited,2026-05-07
Association Française pour le Nommage Internet en Coopération (A.F.N.I.C.),2026-05-07
Autorité de Régulation des Communications Electroniques et des Postes (ARCEP),2026-05-07
Thai Network Information Center Foundation,2026-05-07
"Home Depot Product Authority, LLC",2026-05-07
"Binky Moon, LLC",2026-05-07
XYZ.COM LLC,2026-05-07
Teachers Insurance and Annuity Association of America,2026-05-07
XYZ.COM LLC,2026-05-07
"Binky Moon, LLC",2026-05-07
Not assigned,2026-05-07
"Binky Moon, LLC",2026-05-07
"Binky Moon, LLC",2026-05-07
punkt Tirol GmbH,2026-05-07
Information Technology Center,2026-05-07
"The TJX Companies, Inc.",2026-05-07
"The TJX Companies, Inc.",2026-05-07
Telecommunication Tokelau Corporation (Teletok),2026-05-07
"The TJX Companies, Inc.",2026-05-07
Autoridade Nacional de Comunicações,2026-05-07
TM Domain Registry Ltd,2026-05-07
Alibaba Group Holding Limited,2026-05-07
Agence Tunisienne d'Internet,2026-05-07
"Government of the Kingdom of Tonga, H.R.H. Crown Prince Tupouto'a, c/o Consulate of Tonga",2026-05-07
"Binky Moon, LLC",2026-05-07
"GMO Registry, Inc.",2026-05-07
"Binky Moon, LLC",2026-05-07
Hong Kong Zhongze International Limited,2026-05-07
"Toray Industries, Inc.",2026-05-07
TOSHIBA Corporation,2026-05-07
TotalEnergies SE,2026-05-07
"Binky Moon, LLC",2026-05-07
"Binky Moon, LLC",2026-05-07
TOYOTA MOTOR CORPORATION,2026-05-07
"Binky Moon, LLC",2026-05-07
Not assigned,2026-05-07
Bilgi Teknolojileri ve İletişim Kurumu (BTK),2026-05-07
Elite Registry Limited,2026-05-07
"Dog Beach, LLC",2026-05-07
"Binky Moon, LLC",2026-05-07
"Dog Beach, LLC",2026-05-07
Not assigned,2026-05-07
"Travelers TLD, LLC",2026-05-07
"Travelers TLD, LLC",2026-05-07
Internet Naming Co.,2026-05-07
"Travelers TLD, LLC",2026-05-07
"University of the West Indies, Faculty of Engineering",2026-05-07
Latin American Telecom LLC,2026-05-07
TUI AG,2026-05-07
"Amazon Registry Services, Inc.",2026-05-07
"Amazon Registry Services, Inc.",2026-05-07
"Ministry of Transport, Energy, Communications and Innovations",2026-05-07
T V SUNDRAM IYENGAR  & SONS PRIVATE LIMITED,2026-05-07
Taiwan Network Information Center (TWNIC),2026-05-07
Tanzania Communications Regulatory Authority,2026-05-07
Hostmaster Ltd.,2026-05-07
National Australia Bank Limited,2026-05-07
UBS AG,2026-05-07
Not assigned,2026-05-07
Uganda Online Ltd.,2026-05-07
Nominet UK,2026-05-07
Not assigned,2026-05-07
China United Network Communications Corporation Limited,2026-05-07
"Binky Moon, LLC",2026-05-07
Radix Technologies Inc.,2026-05-07
UBN INTERNET LTDA.,2026-05-07
"UPS Market Driver, Inc.",2026-05-07
"Registry Services, LLC",2026-05-07
SeCIU - Universidad de la Republica,2026-05-07
Single Integrator for Creation and Support of State Information Systems UZINFOCOM,2026-05-07
Holy See - Vatican City State,2026-05-07
"Binky Moon, LLC",2026-05-07
D3 Registry LLC,2026-05-07
"The Vanguard Group, Inc.",2026-05-07
"Ministry of Telecommunications, Science, Technology and Industry",2026-05-07
Comisión Nacional de Telecomunicaciones (CONATEL),2026-05-07
"Dot Vegas, Inc.",2026-05-07
"Binky Moon, LLC",2026-05-07
"VeriSign, Inc.",2026-05-07
tldbox GmbH,2026-05-07
"Dog Beach, LLC",2026-05-07
Telecommunications Regulatory Commission of the Virgin Islands,2026-05-07
"Virgin Islands Public Telecommunications System, Inc.",2026-05-07
"Binky Moon, LLC",2026-05-07
"Dog Beach, LLC",2026-05-07
VIENNA INSURANCE GROUP AG Wiener Versicherung Gruppe,2026-05-07
Viking River Cruises (Bermuda) Ltd.,2026-05-07
"Binky Moon, LLC",2026-05-07
"Binky Moon, LLC",2026-05-07
"Registry Services, LLC",2026-05-07
Virgin Enterprises Limited,2026-05-07
Visa Worldwide Pte. Limited,2026-05-07
"Binky Moon, LLC",2026-05-07
Not assigned,2026-05-07
Not assigned,2026-05-07
Saudi Telecom Company,2026-05-07
Telefonica Brasil S.A.,2026-05-07
DNS.be vzw,2026-05-07
Viet Nam Internet Network Information Center (VNNIC),2026-05-07
"Registry Services, LLC",2026-05-07
Not assigned,2026-05-07
Volvo Holding Sverige Aktiebolag,2026-05-07
Monolith Registry LLC,2026-05-07
Valuetainment Corp.,2026-05-07
Monolith Registry LLC,2026-05-07
"Binky Moon, LLC",2026-05-07
Telecommunications Radiocommunications and Broadcasting Regulator (TRBR),2026-05-07
Not assigned,2026-05-07
Nominet UK,2026-05-07
"Wal-Mart Stores, Inc.",2026-05-07
Sandvik AB,2026-05-07
Zodiac Wang Limited,2026-05-07
"Amazon Registry Services, Inc.",2026-05-07
Not assigned,2026-05-07
"Binky Moon, LLC",2026-05-07
Identity Digital Limited,2026-05-07
"The Weather Company, LLC",2026-05-07
"The Weather Company, LLC",2026-05-07
dot Webcam Limited,2026-05-07
Saint-Gobain Weber SA,2026-05-07
Radix Technologies Inc.,2026-05-07
Emergency Back-End Registry Operator Program - ICANN,2026-05-07
"Registry Services, LLC",2026-05-07
Sina Corporation,2026-05-07
Weir Group IP Limited,2026-05-07
Association Française pour le Nommage Internet en Coopération (A.F.N.I.C.),2026-05-07
Who's Who Registry,2026-05-07
punkt.wien GmbH,2026-05-07
"Registry Services, LLC",2026-05-07
William Hill Organization Limited,2026-05-07
First Registry Limited,2026-05-07
Microsoft Corporation,2026-05-07
"Binky Moon, LLC",2026-05-07
"The TJX Companies, Inc.",2026-05-07
"William Morris Endeavor Entertainment, LLC",2026-05-07
Not assigned,2026-05-07
Woodside Petroleum Limited,2026-05-07
"Registry Services, LLC",2026-05-07
"Binky Moon, LLC",2026-05-07
"Binky Moon, LLC",2026-05-07
"Amazon Registry Services, Inc.",2026-05-07
Government of Samoa Ministry of Foreign Affairs & Trade,2026-05-07
"World Trade Centers Association, Inc.",2026-05-07
"Binky Moon, LLC",2026-05-07
Microsoft Corporation,2026-05-07
Xerox DNHC LLC,2026-05-07
Not assigned,2026-05-07
"Beijing Qihu Keji Co., Ltd.",2026-05-07
Elegant Leader Limited,2026-05-07
Not assigned,2026-05-07
VeriSign Sarl,2026-05-07
Not assigned,2026-05-07
"Amazon Registry Services, Inc.",2026-05-07
"Guangzhou YU Wei Information Technology Co., Ltd.",2026-05-07
National Internet eXchange of India,2026-05-07
Excellent First Limited,2026-05-07
Eagle Horizon Limited,2026-05-07
Beijing TLD Registry Technology Limited,2026-05-07
KISA (Korea Internet & Security Agency),2026-05-07
National Internet eXchange of India,2026-05-07
Not assigned,2026-05-07
VeriSign Sarl,2026-05-07
VeriSign Sarl,2026-05-07
National Internet eXchange of India,2026-05-07
National Internet Exchange of India,2026-05-07
Zodiac Gemini Ltd,2026-05-07
The Israel Internet Association (RA),2026-05-07
Helium TLDs Ltd,2026-05-07
Not assigned,2026-05-07
Posts and Telecommunications Division,2026-05-07
China Organizational Name Administration Center,2026-05-07
China Internet Network Information Center (CNNIC),2026-05-07
Shangri-La International Hotel Management Limited,2026-05-07
Global Website TLD Asia Limited,2026-05-07
Identity Digital Limited,2026-05-07
Tycoon Treasure Limited,2026-05-07
Foundation for Assistance for Internet Technologies and Infrastructure Development (FAITID),2026-05-07
Not assigned,2026-05-07
Association of IT Companies of Kazakhstan,2026-05-07
Pontificium Consilium de Comunicationibus Socialibus (PCCS) (Pontifical Council for Social Communication),2026-05-07
CORE Association,2026-05-07
CORE Association,2026-05-07
China United Network Communications Corporation Limited,2026-05-07
Serbian National Internet Domain Registry (RNIDS),2026-05-07
Imena.BG AD,2026-05-07
Belarusian Cloud Technologies LLC,2026-05-07
VeriSign Sarl,2026-05-07
RISE VICTORY LIMITED,2026-05-07
Sina Corporation,2026-05-07
Not assigned,2026-05-07
Temasek Holdings (Private) Limited,2026-05-07
"Amazon Registry Services, Inc.",2026-05-07
Public Interest Registry,2026-05-07
VeriSign Sarl,2026-05-07
"Amazon Registry Services, Inc.",2026-05-07
"Amazon Registry Services, Inc.",2026-05-07
"SAMSUNG SDS CO., LTD",2026-05-07
Singapore Network Information Centre (SGNIC) Pte Ltd,2026-05-07
Internet DotTrademark Organisation Limited,2026-05-07
"Binky Moon, LLC",2026-05-07
Zodiac Aquarius Limited,2026-05-07
The Foundation for Network Initiatives “The Smart Internet”,2026-05-07
Macedonian Academic Research Network Skopje,2026-05-07
Not assigned,2026-05-07
EURid vzw,2026-05-07
"Amazon Registry Services, Inc.",2026-05-07
"Guangzhou YU Wei Information and Technology Co.,Ltd",2026-05-07
Not assigned,2026-05-07
"Amazon Registry Services, Inc.",2026-05-07
VeriSign Sarl,2026-05-07
Beijing TLD Registry Technology Limited,2026-05-07
CITIC Group Corporation,2026-05-07
China Internet Network Information Center (CNNIC),2026-05-07
China Internet Network Information Center (CNNIC),2026-05-07
"Binky Moon, LLC",2026-05-07
Charleston Road Registry Inc.,2026-05-07
National Internet Exchange of India,2026-05-07
LK Domain Registry,2026-05-07
PCCW Enterprises Limited,2026-05-07
"Nawang Heli(Xiamen) Network Service Co., LTD.",2026-05-07
Not assigned,2026-05-07
"Amazon Registry Services, Inc.",2026-05-07
National Internet Exchange of India,2026-05-07
"Amazon Registry Services, Inc.",2026-05-07
National Internet eXchange of India,2026-05-07
National Internet Exchange of India,2026-05-07
National Internet eXchange of India,2026-05-07
Not assigned,2026-05-07
Not assigned,2026-05-07
Zodiac Taurus Ltd.,2026-05-07
Public Interest Registry,2026-05-07
Internet DotTrademark Organisation Limited,2026-05-07
China Internet Network Information Center (CNNIC),2026-05-07
VeriSign Sarl,2026-05-07
"Ukrainian Network Information Centre (UANIC), Inc.",2026-05-07
Hong Kong Internet Registration Corporation Ltd.,2026-05-07
"Amazon Registry Services, Inc.",2026-05-07
Not assigned,2026-05-07
"Amazon Registry Services, Inc.",2026-05-07
Not assigned,2026-05-07
Koninklijke Philips N.V.,2026-05-07
Not assigned,2026-05-07
Taiwan Network Information Center (TWNIC),2026-05-07
Taiwan Network Information Center (TWNIC),2026-05-07
Not assigned,2026-05-07
"Beijing RITT-Net Technology Development Co., Ltd",2026-05-07
"Datacom Co.,Ltd",2026-05-07
CERIST,2026-05-07
Telecommunications Regulatory Authority (TRA),2026-05-07
Aramco Services Company,2026-05-07
Institute for Research in Fundamental Sciences (IPM),2026-05-07
Competrol (Luxembourg) Sarl,2026-05-07
Not assigned,2026-05-07
Telecommunications and Digital Government Regulatory Authority (TDRA),2026-05-07
CORE Association,2026-05-07
Université de Nouakchott Al Aasriya,2026-05-07
National Telecommunication Corporation,2026-05-07
Ministry of Digital Economy and Entrepreneurship (MoDEE),2026-05-07
Not assigned,2026-05-07
National Internet eXchange of India,2026-05-07
National Internet Exchange of India,2026-05-07
Agence Nationale de Réglementation des Télécommunications (ANRT),2026-05-07
Abu Dhabi Systems and Information Centre,2026-05-07
Telecommunications Regulatory Authority (TRA),2026-05-07
"Communications, Space and Technology Commission",2026-05-07
National Internet eXchange of India,2026-05-07
Pontificium Consilium de Comunicationibus Socialibus (PCCS) (Pontifical Council for Social Communication),2026-05-07
Sudan Internet Society,2026-05-07
Emergency Back-End Registry Operator Program - ICANN,2026-05-07
Communications and Media Commission (CMC),2026-05-07
MYNIC Berhad,2026-05-07
Macao Post and Telecommunications Bureau (CTT),2026-05-07
VeriSign Sarl,2026-05-07
"Net-Chinese Co., Ltd.",2026-05-07
International Domain Registry Pty. Ltd.,2026-05-07
Kuwait Finance House,2026-05-07
League of Arab States,2026-05-07
Information Technologies Development Center (ITDC),2026-05-07
Public Interest Registry,2026-05-07
Public Interest Registry,2026-05-07
Stable Tone Limited,2026-05-07
Thai Network Information Center Foundation,2026-05-07
National Authority for Information Technology Services (NAITS),2026-05-07
Jiang Yu Liang Cai Technology Company Limited,2026-05-07
Rusnames Limited,2026-05-07
Coordination Center for TLD RU,2026-05-07
Not assigned,2026-05-07
Agence Tunisienne d'Internet,2026-05-07
VeriSign Sarl,2026-05-07
"Lao National Internet Center (LANIC), Ministry of Technology and Communications",2026-05-07
Charleston Road Registry Inc.,2026-05-07
Charleston Road Registry Inc.,2026-05-07
EURid vzw,2026-05-07
ICS-FORTH GR,2026-05-07
Stable Tone Limited,2026-05-07
"Amazon Registry Services, Inc.",2026-05-07
National Internet eXchange of India,2026-05-07
National Internet Exchange of India,2026-05-07
"KNET Co., Ltd",2026-05-07
VeriSign Sarl,2026-05-07
VeriSign Sarl,2026-05-07
Pontificium Consilium de Comunicationibus Socialibus (PCCS) (Pontifical Council for Social Communication),2026-05-07
"Binky Moon, LLC",2026-05-07
Deutsche Vermögensberatung Aktiengesellschaft DVAG,2026-05-07
Deutsche Vermögensberatung Aktiengesellschaft DVAG,2026-05-07
"Binky Moon, LLC",2026-05-07
"Beijing Tele-info Technology Co., Ltd.",2026-05-07
Kerry Trading Co. Limited,2026-05-07
Kerry Trading Co. Limited,2026-05-07
National Telecommunication Regulatory Authority - NTRA,2026-05-07
Communications Regulatory Authority,2026-05-07
"Guangzhou YU Wei Information Technology Co., Ltd.",2026-05-07
LK Domain Registry,2026-05-07
National Internet Exchange of India,2026-05-07
"""Internet Society"" Non-governmental Organization",2026-05-07
Singapore Network Information Centre (SGNIC) Pte Ltd,2026-05-07
Ministry of Telecom & Information Technology (MTIT),2026-05-07
Not assigned,2026-05-07
China Organizational Name Administration Center,2026-05-07
Not assigned,2026-05-07
ICM Registry LLC,2026-05-07
XYZ.COM LLC,2026-05-07
XYZ.COM LLC,2026-05-07
Yahoo Inc.,2026-05-07
"Amazon Registry Services, Inc.",2026-05-07
YANDEX LLC,2026-05-07
TeleYemen,2026-05-07
"YODOBASHI CAMERA CO.,LTD.",2026-05-07
"Registry Services, LLC",2026-05-07
"GMO Registry, Inc.",2026-05-07
"Amazon Registry Services, Inc.",2026-05-07
Charleston Road Registry Inc.,2026-05-07
Association Française pour le Nommage Internet en Coopération (A.F.N.I.C.),2026-05-07
"Beijing Qihu Keji Co., Ltd.",2026-05-07
ZA Domain Name Authority,2026-05-07
"Amazon Registry Services, Inc.",2026-05-07
"Industria de Diseño Textil, S.A. (INDITEX, S.A.)",2026-05-07
"Amazon Registry Services, Inc.",2026-05-07
Charleston Road Registry Inc.,2026-05-07
Not assigned,2026-05-07
Zambia Information and Communications Technology Authority (ZICTA),2026-05-07
"Binky Moon, LLC",2026-05-07
Kanton Zürich (Canton of Zurich),2026-05-07
Postal and Telecommunications Regulatory Authority of Zimbabwe (POTRAZ),2026-05-07
